,Model,Accuracy,Precision,Recall,F1-score,ROC-AUC,Training_Time(s)
0,Logistic Regression,0.6666666666666666,0.5185185185185185,0.9333333333333333,0.6666666666666666,0.8617283950617285,0.11
1,Decision Tree,0.7142857142857143,0.6153846153846154,0.5333333333333333,0.5714285714285714,0.674074074074074,0.138
2,Random Forest,0.8333333333333334,0.8333333333333334,0.6666666666666666,0.7407407407407407,0.8345679012345679,1.029
3,XGBoost,0.7619047619047619,0.7777777777777778,0.4666666666666667,0.5833333333333334,0.7901234567901235,0.302
