,Model,Accuracy,Precision,Recall,F1-score,ROC-AUC,Training_Time(s)
0,Logistic Regression,0.6756564939673527,0.44587628865979384,0.9276139410187667,0.6022628372497825,0.8609326963884605,0.065
1,Decision Tree,0.7317246273953159,0.49417249417249415,0.5683646112600537,0.5286783042394015,0.6791019284316872,0.092
2,Random Forest,0.7899219304471257,0.6084507042253521,0.579088471849866,0.5934065934065934,0.8264165640171002,0.743
3,XGBoost,0.7885024840312278,0.5930521091811415,0.6407506702412868,0.615979381443299,0.8432579937271626,0.227
